threshold,min_area,dice,iou,precision,recall,specificity,tp,fp,fn,tn
0.2,200,0.2457121402212375,0.1400637522846989,0.2202947959602313,0.2777597168169744,0.9986206770724053,15379,54432,39989,39408408
0.25,200,0.24280958181694837,0.13818057468980138,0.22057478387742213,0.27002962001029424,0.9986612468844108,14951,52831,40417,39410009
0.3,200,0.23968401258661584,0.13615965219170803,0.21975936997666345,0.2635818523467783,0.998686992623947,14594,51815,40774,39411025
0.45,200,0.2376441933693241,0.1348446167808622,0.223455690577908,0.2537566825738015,0.9987627347651614,14050,48826,41318,39414014
0.4,200,0.23731683600545456,0.13463385868785838,0.22143482887144994,0.2556530848277768,0.998738838867147,14155,49769,41213,39413071
0.35,200,0.23713910543658778,0.13451946558863917,0.2196342252036757,0.2576759138986838,0.9987154751153238,14267,50691,41101,39412149
0.5,150,0.23669134463167804,0.13423137459105214,0.20734241515738328,0.2757188267722201,0.998521115054061,15266,58361,40102,39404479
0.55,150,0.23639801244385453,0.13404272285846136,0.20830809055449268,0.2732444733551285,0.9985429583881951,15129,57499,40239,39405341
0.2,150,0.2363117748458618,0.13398727251320186,0.1955629178347564,0.2985117757676183,0.9982771893761321,16528,67987,38840,39394853
0.45,150,0.23618641533749868,0.13390667664538597,0.2052406402963489,0.2781209362939221,0.9984889582199356,15399,59630,39969,39403210
0.4,150,0.2357884180033446,0.13365087295429282,0.2035016393547082,0.28025213120791337,0.99846100787475,15517,60733,39851,39402107
0.6,200,0.23499399237958632,0.1331406189965061,0.226860101549493,0.2437328420885036,0.9988345745009736,13495,45991,41873,39416849
0.55,200,0.23485364781239615,0.13305052441051884,0.2248022328413271,0.2458459760286475,0.998810551901485,13612,46939,41756,39415901
0.25,150,0.23479045927691125,0.13300996503057969,0.19668211759945498,0.2912151423332753,0.9983311895443917,16124,65856,39244,39396984
0.5,200,0.2347030324845582,0.1329538524174198,0.2227195329729552,0.2480494148380283,0.9987854143290245,13734,47931,41634,39414909
0.35,150,0.23460538053299596,0.13289118362121563,0.20052794116787084,0.28263617975576805,0.9984190190062348,15649,62390,39719,39400450
0.6,150,0.2345591255233741,0.13286150157804585,0.20842456909763035,0.26818740067786107,0.9985709340736755,14849,56395,40519,39406445
0.65,150,0.23434810328949357,0.13272610741279575,0.20970732543345355,0.2655504984961431,0.9985959196043671,14703,55409,40665,39407431
0.7,150,0.23414100284682066,0.1325932609745569,0.21114965385257917,0.2627510475497986,0.9986227296362857,14548,54351,40820,39408489
0.3,150,0.23400552466297364,0.13250637413502664,0.1983229353752894,0.2853453258328756,0.9983816674116713,15799,63864,39569,39398976
0.65,200,0.23113257243870824,0.13066698433415067,0.22488553271330408,0.23773659877117223,0.9988503361643511,13163,45369,42205,39417471
0.7,200,0.22808607424677857,0.12872299886551353,0.22446053231167662,0.23183066032307775,0.9988761579247718,12836,44350,42532,39418490
0.2,100,0.2272915748877388,0.1282171233991812,0.17721761972946842,0.31680754227501795,0.9979363117302252,17541,81439,37827,39381401
0.4,100,0.22726931503076298,0.1282029565820126,0.18265085616771443,0.30073327555084645,0.9981118439524373,16651,74512,38717,39388328
0.3,100,0.22724337423704807,0.12818644755878544,0.17995381745047023,0.3082466406713581,0.9980291839107374,17067,77774,38301,39385066
0.25,100,0.22723083809982336,0.1281784695882235,0.17877118118263693,0.3117324086239031,0.9979908187043812,17260,79288,38108,39383552
0.35,100,0.22652194431856992,0.12772751464207613,0.18071900347259398,0.3034243606541066,0.9980700324659858,16800,76162,38568,39386678
0.45,100,0.22626223658728523,0.12756239465633376,0.1828913811052011,0.2965973125397956,0.9981408079094156,16422,73369,38946,39389471
0.65,100,0.22535070069083665,0.12698323031193423,0.1866968830556508,0.284189423506643,0.9982630241513283,15735,68546,39633,39394294
0.55,100,0.22491723248397313,0.12670802545440624,0.18386467890844194,0.2895715937131634,0.9981966072386073,16033,71167,39335,39391673
0.6,100,0.22487601610747243,0.12668186456505323,0.1848431630338698,0.2870430573745296,0.9982239494167171,15893,70088,39475,39392752
0.7,100,0.2247816128552194,0.1266219494397325,0.1873351559116576,0.28093844821411396,0.9982900875861951,15555,67478,39813,39395362
0.5,100,0.2247116099200306,0.1265775246330396,0.182552668112721,0.29219043492103397,0.9981642730224181,16178,72443,39190,39390397
0.2,300,0.21901122300743853,0.12297170304768748,0.22570382722501958,0.21270408901869844,0.9989762014087177,11777,40402,43591,39422438
0.25,300,0.20971862150926643,0.1171428268412478,0.22112746572101477,0.19942927324087145,0.9990144399135997,11042,38893,44326,39423947
0.3,300,0.20421527678521087,0.11371924159602916,0.21801258791606676,0.1920603959111389,0.9990334451347141,10634,38143,44734,39424697
0.35,300,0.2002921414042235,0.1112914745891902,0.21731963993032163,0.18573905506455463,0.9990614461604892,10284,37038,45084,39425802
0.4,300,0.1981622053615845,0.10997782706086501,0.22166607080752446,0.179164860584107,0.9991173468508602,9920,34832,45448,39428008
0.55,50,0.19776029091897873,0.10973029277280437,0.14689245718942645,0.3025213119617374,0.9975349214602903,16750,97279,38618,39365561
0.5,50,0.1977487354957299,0.10972317755888983,0.14621218017634516,0.3053930068034714,0.9974979499701492,16909,98738,38459,39364102
0.45,50,0.19746328592888945,0.10954744188708487,0.1452738944680873,0.30817439677596853,0.9974560624628132,17063,100391,38305,39362449
0.4,50,0.1968703137745294,0.10918255923773341,0.14410202269750053,0.31061262824536534,0.997411539564816,17198,102148,38170,39360692
0.35,50,0.19678172354023535,0.10912806625474628,0.14320617972224842,0.3144054327533159,0.9973607829542933,17408,104151,37960,39358689
0.3,50,0.19674864060956415,0.10910771789522242,0.14251791098694755,0.3176022251243028,0.997318920787252,17585,105803,37783,39357037
0.7,50,0.19671570095890828,0.10908745840517656,0.14866200501437607,0.29067331311785377,0.9976645117279953,16094,92165,39274,39370675
0.6,50,0.19670743124066573,0.10908237224163393,0.14682712764349515,0.2979157636306546,0.9975711834221764,16495,95848,38873,39366992
0.25,50,0.1966691347972821,0.10905881920902905,0.1416811298891639,0.32141309060610074,0.9972680628155501,17796,107810,37572,39355030
0.2,50,0.19666106735382433,0.10905385770720984,0.14067178399056895,0.3266868949695368,0.9972000241239607,18088,110495,37280,39352345
0.65,50,0.19644871880443548,0.10892327867693728,0.14749716875064556,0.29403265425346714,0.9976156049589944,16280,94095,39088,39368745
0.45,300,0.19423092484025578,0.10756133080421687,0.22071533653869266,0.17342147090063897,0.999140913325042,9602,33902,45766,39428938
0.5,300,0.19382445014438932,0.10731207726123698,0.22164109718220268,0.17221138565286426,0.9991514802279816,9535,33485,45833,39429355
0.55,300,0.19306344214231524,0.10684572256390346,0.22214910220874898,0.17071232482353144,0.9991613376026662,9452,33096,45916,39429744
0.6,300,0.19226317892610115,0.1063557353559013,0.22205398757429667,0.1695203005496041,0.9991667350854627,9386,32883,45982,39429957
0.65,300,0.19201303322033747,0.10620266448688062,0.22374143940349053,0.16816572751105033,0.999181407116163,9311,32304,46057,39430536
0.7,300,0.18732184064918064,0.10333982328425549,0.2220132168595893,0.1620069354290925,0.9992034785129504,8970,31433,46398,39431407
0.2,20,0.17570687363304627,0.09631504449468638,0.11965040953908934,0.33058806532057167,0.9965872957952343,18304,134675,37064,39328165
0.6,20,0.1756140175499523,0.09625924516196327,0.12391293047118912,0.3013473486616575,0.997010706781367,16685,117966,38683,39344874
0.25,20,0.175598720653056,0.09625005345332743,0.12026499973873842,0.3252420170617461,0.9966619736440663,18008,131728,37360,39331112
0.45,20,0.17549337742007237,0.09618675824619857,0.1222942799504914,0.31061262824536534,0.9968722474104753,17198,123430,38170,39339410
0.55,20,0.1753734061973699,0.09611468275083362,0.12318141276539908,0.3043093483726284,0.9969608624214579,16849,119933,38519,39342907
0.5,20,0.1753096094992869,0.0960763592643466,0.12267472905544084,0.30705461639743076,0.9969190002544166,17001,121585,38367,39341255
0.35,20,0.17528164016445943,0.09605955857471357,0.12117338125132214,0.3166991764319336,0.9967773480063777,17535,127175,37833,39335665
0.3,20,0.17524276160872043,0.09603620576273515,0.12060315173208558,0.3204016760706473,0.9967221315039668,17740,129354,37628,39333486
0.4,20,0.1752042399083752,0.0960130682812115,0.1216251288983549,0.3131592255578464,0.9968268376021595,17339,125222,38029,39337618
0.65,20,0.17518978184172065,0.09600438451256753,0.12416767840432416,0.2973919953890805,0.9970568514582326,16466,116145,38902,39346695
0.7,20,0.17507087944751654,0.09593297486500676,0.1246714836364393,0.2938701054888407,0.9971051247198631,16271,114240,39097,39348600
0.5,10,0.1720612945136179,0.0941285908557818,0.11924551984436757,0.3088607137821691,0.9967992927016911,17101,126309,38267,39336531
0.45,10,0.1720198898038793,0.09410380826842402,0.11873106178331079,0.3120936281008508,0.9967498791267938,17280,128259,38088,39334581
0.2,10,0.17191262873219865,0.09403961289728717,0.116065441023901,0.33134662622216177,0.9964594540078718,18346,139720,37022,39323120
0.35,10,0.17183179639633167,0.09399124000846128,0.11769421416420478,0.31819823726126645,0.996653180561764,17618,132075,37750,39330765
0.25,10,0.17177230913127883,0.09395564348659956,0.11661357336816201,0.32594639504179407,0.9965356776146878,18047,136712,37321,39326128
0.4,10,0.17176964631140446,0.09395405013887431,0.11811957701248563,0.31471246930872143,0.9967033543455058,17425,130095,37943,39332745
0.55,10,0.1717104562036748,0.09391863383505852,0.11940877937843196,0.3055374945942505,0.9968386461795452,16917,124756,38451,39338084
0.3,10,0.17162002555416578,0.09386452923197793,0.11705366713937242,0.3214853345014903,0.9965976346355205,17800,134267,37568,39328573
0.6,10,0.17148978483474547,0.09378661569243223,0.11972032576810425,0.3021420315109424,0.9968830170357735,16729,123005,38639,39339835
0.65,10,0.1713758768291765,0.09371848192438087,0.1201528425582229,0.2987285074537869,0.9969308341720972,16540,121118,38828,39341722
0.7,10,0.17129226737000633,0.09366847655224285,0.12067335392355945,0.29506212976276797,0.9969833646032572,16337,119045,39031,39343795
0.2,5,0.17109611357146337,0.09355117830155468,0.11524811578036864,0.33196069933297284,0.9964244337204318,18380,141102,36988,39321738
0.5,5,0.1710797146381413,0.09354137302316659,0.11824912291003722,0.30923999423296417,0.996764703199263,17122,127674,38246,39335166
0.45,5,0.17101750222895767,0.09350417647071876,0.1177395637671368,0.31236454270856157,0.9967159738123258,17295,129597,38073,39333243
0.55,5,0.17093655163097035,0.09345578021799299,0.11856109876278996,0.3062057506266037,0.9968060078798182,16954,126044,38414,39336796
0.2,0,0.17084395651731127,0.09340042755249953,0.11498909123287891,0.3322135529668362,0.9964125998027512,18394,141569,36974,39321271
0.6,5,0.1708011138359959,0.09337481841506946,0.11891884229133615,0.3029908972817694,0.9968503280554568,16776,124295,38592,39338545
0.25,5,0.17078923610354185,0.0933677187335285,0.11566607551577449,0.32628955354489436,0.9964998717781083,18066,138125,37302,39324715
0.4,5,0.17077241602504675,0.09335766501967571,0.11712848885035397,0.3150736887856691,0.9966679032730539,17445,131494,37923,39331346
0.35,5,0.17072414928838764,0.09332881600463029,0.11662829774869261,0.3184149689474351,0.996616209071623,17630,133534,37738,39329306
0.45,0,0.17070078775522643,0.0933148533695743,0.11741912718346496,0.3125090304993406,0.9967042919364142,17303,130058,38065,39332782
0.5,0,0.17069305746989827,0.09331023323966182,0.11786687588351731,0.3093302991022011,0.9967518556697896,17127,128181,38241,39334659
0.65,5,0.17062454985507447,0.09326929026309067,0.11929185970190133,0.29950512932922435,0.9968976130455893,16583,122429,38785,39340411
0.3,5,0.17061693052687973,0.09326473682756875,0.11607532520556747,0.321846553978438,0.9965612966527498,17820,135701,37548,39327139
0.55,0,0.17055838585014882,0.0932297508351849,0.11818948513575243,0.30625993354814585,0.9967940472606636,16957,126516,38411,39336324
0.25,0,0.17050878153157714,0.09320010930612552,0.11538412439607715,0.3264882242572156,0.9964880632007226,18077,138591,37291,39324249
0.6,0,0.17047058943448787,0.09317728835329323,0.11857928130966001,0.3031173240987011,0.9968387728810193,16783,124751,38585,39338089
0.4,0,0.1704292962629083,0.09315261548472376,0.11679349972815029,0.315163993654906,0.996656120035963,17450,131959,37918,39330881
0.35,0,0.1703936657962909,0.09313132700474142,0.1163056022744333,0.31852333479051936,0.996604425834532,17636,133999,37732,39328841
0.65,0,0.1703245940051208,0.09309006037448612,0.11897318228080472,0.2996676780938508,0.9968864886561637,16592,122868,38776,39339972
0.7,5,0.1702984306037261,0.09307442998184412,0.11959436258141173,0.2956400809258843,0.9969464437937058,16369,120502,38999,39342338
0.3,0,0.17028613458416977,0.09306708431692473,0.11575297548120075,0.3219729807953697,0.9965491079709419,17827,136182,37541,39326658
0.7,0,0.17006301321943515,0.09293380835114858,0.11932405856858239,0.29587487358590026,0.9969361556340092,16382,120908,38986,39341932
