epoch,train_loss,val_loss,val_dice_mean,val_iou_mean,lr,dice_MA,iou_MA,prec_MA,recall_MA,dice_HE,iou_HE,prec_HE,recall_HE,dice_EX,iou_EX,prec_EX,recall_EX,dice_SE,iou_SE,prec_SE,recall_SE
1,0.619689,0.615833,0.010594,0.005335,0.00030000,0.004508,0.002259,0.002259,1.000000,0.017190,0.008669,0.008669,1.000000,0.016827,0.008485,0.008485,1.000000,0.003849,0.001928,0.001928,1.000000
2,0.615581,0.615691,0.010646,0.005362,0.00006080,0.004508,0.002259,0.002259,1.000000,0.017190,0.008669,0.008669,1.000000,0.016827,0.008485,0.008485,1.000000,0.004061,0.002035,0.002035,0.916667
3,0.614803,0.614829,0.010792,0.005435,0.00012060,0.004508,0.002259,0.002259,1.000000,0.017190,0.008669,0.008669,1.000000,0.016827,0.008485,0.008485,1.000000,0.004644,0.002327,0.002328,0.874629
4,0.613623,0.613901,0.010955,0.005517,0.00018040,0.004508,0.002259,0.002259,1.000000,0.017190,0.008669,0.008669,1.000000,0.016827,0.008485,0.008485,1.000000,0.005296,0.002655,0.002656,0.880069
5,0.612614,0.612934,0.011378,0.005730,0.00024020,0.004508,0.002259,0.002259,1.000000,0.017190,0.008669,0.008669,1.000000,0.016827,0.008485,0.008485,1.000000,0.006986,0.003505,0.003508,0.803660
6,0.611416,0.612006,0.011786,0.005935,0.00030000,0.004508,0.002259,0.002259,1.000000,0.017199,0.008674,0.008674,1.000000,0.016827,0.008485,0.008485,1.000000,0.008609,0.004323,0.004332,0.674085
7,0.610261,0.611217,0.012131,0.006110,0.00029918,0.004508,0.002259,0.002259,1.000000,0.017342,0.008747,0.008747,0.999395,0.016827,0.008485,0.008485,1.000000,0.009846,0.004947,0.004957,0.722057
8,0.609245,0.609130,0.014480,0.007301,0.00029673,0.004508,0.002259,0.002259,1.000000,0.017499,0.008827,0.008827,0.995435,0.016827,0.008485,0.008485,1.000000,0.019086,0.009635,0.009694,0.613996
9,0.607713,0.607623,0.014964,0.007548,0.00029268,0.004509,0.002259,0.002259,1.000000,0.017405,0.008779,0.008780,0.982069,0.016827,0.008485,0.008485,1.000000,0.021116,0.010671,0.010866,0.371909
10,0.607340,0.607199,0.018265,0.009245,0.00028708,0.004508,0.002259,0.002259,1.000000,0.017583,0.008870,0.008870,0.987624,0.016827,0.008485,0.008485,1.000000,0.034141,0.017367,0.017476,0.736647
11,0.605689,0.605926,0.017192,0.008692,0.00027997,0.004512,0.002261,0.002261,1.000000,0.016959,0.008552,0.008564,0.864089,0.016827,0.008485,0.008485,1.000000,0.030470,0.015470,0.015528,0.807122
12,0.604600,0.604599,0.022177,0.011284,0.00027145,0.004508,0.002259,0.002259,1.000000,0.018098,0.009132,0.009132,0.997030,0.016827,0.008485,0.008485,1.000000,0.049276,0.025261,0.027927,0.209199
13,0.604216,0.604688,0.021189,0.010760,0.00026160,0.004526,0.002268,0.002268,0.999789,0.019800,0.009999,0.010004,0.948958,0.016827,0.008485,0.008485,1.000000,0.043604,0.022288,0.022463,0.741098
14,0.603259,0.603132,0.026845,0.013735,0.00025054,0.004515,0.002263,0.002263,1.000000,0.022352,0.011302,0.011304,0.986359,0.016827,0.008485,0.008485,1.000000,0.063686,0.032890,0.033726,0.570227
15,0.602827,0.602113,0.029374,0.015065,0.00023837,0.004522,0.002266,0.002266,1.000000,0.026458,0.013406,0.013415,0.954788,0.016827,0.008485,0.008485,1.000000,0.069692,0.036104,0.036872,0.634026
16,0.602114,0.602084,0.029954,0.015313,0.00022525,0.004521,0.002265,0.002265,1.000000,0.042613,0.021770,0.021794,0.952478,0.016827,0.008485,0.008485,1.000000,0.055855,0.028730,0.029038,0.730218
17,0.602256,0.600973,0.039353,0.020318,0.00021131,0.004527,0.002269,0.002269,0.999367,0.054907,0.028229,0.028310,0.907156,0.016827,0.008485,0.008485,1.000000,0.081150,0.042291,0.043498,0.603858
18,0.600703,0.600440,0.043619,0.022595,0.00019670,0.004524,0.002267,0.002267,0.999367,0.070530,0.036554,0.036690,0.907926,0.016827,0.008485,0.008485,1.000000,0.082593,0.043075,0.044312,0.606825
19,0.600193,0.600468,0.040326,0.020847,0.00018158,0.004530,0.002270,0.002270,0.999156,0.055308,0.028441,0.028498,0.934272,0.016827,0.008485,0.008485,1.000000,0.084641,0.044190,0.045118,0.682493
20,0.599777,0.600469,0.034960,0.017974,0.00016613,0.004530,0.002270,0.002270,0.997045,0.046476,0.023791,0.023811,0.966173,0.016827,0.008485,0.008485,1.000000,0.072007,0.037348,0.037869,0.730959
21,0.599480,0.599778,0.051673,0.027065,0.00015050,0.004520,0.002265,0.002265,1.000000,0.068599,0.035518,0.035612,0.930752,0.016834,0.008488,0.008488,1.000000,0.116740,0.061988,0.065513,0.535361
22,0.599161,0.599009,0.051346,0.026801,0.00013487,0.004531,0.002271,0.002271,0.999156,0.090579,0.047438,0.047797,0.863374,0.016937,0.008541,0.008541,1.000000,0.093337,0.048953,0.050625,0.597181
23,0.598843,0.598588,0.061335,0.032356,0.00011942,0.004535,0.002273,0.002273,0.999156,0.120170,0.063926,0.064962,0.800286,0.016892,0.008518,0.008518,1.000000,0.103742,0.054709,0.056473,0.636499
24,0.599031,0.598853,0.048048,0.025044,0.00010430,0.004532,0.002271,0.002271,0.999156,0.066580,0.034436,0.034509,0.942797,0.017065,0.008606,0.008606,0.999888,0.104016,0.054861,0.056810,0.615232
25,0.598772,0.598622,0.046883,0.024382,0.00008969,0.004537,0.002274,0.002274,0.999156,0.069181,0.035830,0.035898,0.949563,0.017400,0.008776,0.008776,0.999719,0.096414,0.050649,0.051888,0.679525
26,0.597807,0.598313,0.060873,0.032083,0.00007575,0.004530,0.002270,0.002270,0.999578,0.108800,0.057529,0.058022,0.871294,0.017321,0.008736,0.008736,0.999269,0.112843,0.059795,0.062058,0.621167
27,0.597810,0.598342,0.053125,0.027798,0.00006263,0.004533,0.002272,0.002272,0.999578,0.081827,0.042659,0.042819,0.919421,0.017623,0.008890,0.008890,0.998876,0.108518,0.057372,0.059024,0.672107
28,0.597680,0.598048,0.055840,0.029277,0.00005046,0.004535,0.002272,0.002272,0.999156,0.092880,0.048702,0.048953,0.904736,0.018025,0.009094,0.009094,0.998764,0.107920,0.057038,0.058701,0.668150
29,0.597844,0.597821,0.057253,0.030051,0.00003940,0.004540,0.002275,0.002275,0.998523,0.104633,0.055205,0.055603,0.885265,0.018142,0.009154,0.009154,0.998539,0.101696,0.053572,0.054962,0.679278
30,0.597299,0.597757,0.059267,0.031166,0.00002955,0.004535,0.002273,0.002273,0.999156,0.103857,0.054773,0.055150,0.888895,0.018903,0.009542,0.009542,0.997190,0.109774,0.058075,0.059848,0.662216
31,0.597350,0.597764,0.059922,0.031528,0.00002103,0.004532,0.002271,0.002271,0.999367,0.103779,0.054729,0.055103,0.889830,0.019273,0.009730,0.009730,0.996010,0.112106,0.059381,0.061584,0.624135
32,0.597305,0.597628,0.061157,0.032203,0.00001392,0.004533,0.002272,0.002272,0.999156,0.106333,0.056152,0.056560,0.886200,0.020486,0.010349,0.010350,0.993818,0.113277,0.060039,0.062110,0.642928
33,0.597506,0.597804,0.057143,0.029988,0.00000832,0.004534,0.002272,0.002272,0.999156,0.093112,0.048829,0.049073,0.907871,0.019429,0.009810,0.009810,0.996740,0.111496,0.059039,0.061018,0.645401
34,0.597314,0.597852,0.057460,0.030166,0.00000427,0.004538,0.002274,0.002274,0.999156,0.096700,0.050807,0.051086,0.902976,0.018716,0.009446,0.009447,0.996909,0.109884,0.058136,0.059937,0.659248
35,0.597792,0.597888,0.057959,0.030447,0.00000182,0.004534,0.002272,0.002272,0.999156,0.095890,0.050359,0.050625,0.905561,0.018804,0.009491,0.009491,0.996628,0.112609,0.059664,0.061639,0.650593
36,0.597141,0.597016,0.061905,0.032542,0.00030000,0.004539,0.002275,0.002275,0.998100,0.106004,0.055968,0.056294,0.906441,0.027124,0.013749,0.013750,0.990278,0.109954,0.058175,0.059390,0.739862
37,0.596928,0.596615,0.067317,0.035678,0.00029980,0.004530,0.002270,0.002270,0.999578,0.136436,0.073212,0.078655,0.514108,0.022580,0.011419,0.011421,0.989435,0.105722,0.055811,0.060012,0.443620
38,0.595926,0.596129,0.066844,0.035229,0.00029918,0.004545,0.002278,0.002278,0.996201,0.134200,0.071926,0.073701,0.749189,0.042617,0.021772,0.021783,0.977464,0.086013,0.044939,0.045802,0.704748
39,0.595474,0.596068,0.068317,0.035869,0.00029816,0.004537,0.002274,0.002274,0.996834,0.057767,0.029742,0.029789,0.949618,0.118908,0.063212,0.063549,0.922727,0.092055,0.048248,0.049281,0.697082
40,0.595158,0.595258,0.078435,0.041350,0.00029673,0.004538,0.002274,0.002274,0.999578,0.086409,0.045155,0.045320,0.925637,0.113774,0.060318,0.060579,0.933348,0.109020,0.057653,0.059177,0.691147
41,0.594340,0.594289,0.081308,0.043025,0.00029491,0.004548,0.002279,0.002279,0.995568,0.105327,0.055591,0.055872,0.916946,0.134470,0.072081,0.072403,0.942003,0.080887,0.042148,0.042839,0.723294
42,0.593234,0.592917,0.121090,0.066671,0.00029268,0.004540,0.002275,0.002275,0.998523,0.153389,0.083065,0.084220,0.858259,0.238074,0.135121,0.136949,0.910082,0.088359,0.046221,0.048468,0.499258
43,0.593754,0.592852,0.112979,0.062048,0.00029007,0.004545,0.002278,0.002278,0.997045,0.141370,0.076061,0.077894,0.763709,0.234064,0.132544,0.134444,0.903619,0.071937,0.037311,0.038086,0.646884
44,0.591818,0.591838,0.136650,0.077166,0.00028708,0.004533,0.002271,0.002271,0.999789,0.139903,0.075213,0.076027,0.875309,0.306209,0.180783,0.185845,0.869057,0.095957,0.050396,0.054143,0.421365
45,0.591209,0.590958,0.124829,0.070056,0.00028371,0.004545,0.002278,0.002278,0.997045,0.110771,0.058633,0.058918,0.923877,0.292975,0.171629,0.175493,0.886310,0.091025,0.047683,0.049718,0.538081
46,0.590691,0.590002,0.199242,0.119920,0.00027997,0.004528,0.002269,0.002269,0.999156,0.189690,0.104783,0.107435,0.809361,0.448421,0.289009,0.321913,0.738732,0.154331,0.083618,0.091559,0.490851
47,0.589640,0.588636,0.138639,0.078606,0.00027588,0.004536,0.002273,0.002273,0.996834,0.123044,0.065555,0.066200,0.870689,0.317372,0.188617,0.194437,0.863044,0.109602,0.057978,0.059633,0.676311
48,0.589026,0.588263,0.142357,0.079550,0.00027145,0.004546,0.002278,0.002278,0.996623,0.234422,0.132774,0.141210,0.689676,0.233699,0.132310,0.133809,0.921940,0.096759,0.050839,0.052249,0.653314
49,0.588150,0.587281,0.153037,0.089449,0.00026668,0.004537,0.002274,0.002274,0.998523,0.143571,0.077337,0.078087,0.889500,0.378866,0.233704,0.243257,0.856131,0.085173,0.044481,0.047295,0.427794
50,0.586586,0.584858,0.158127,0.090768,0.00026160,0.004544,0.002277,0.002277,0.997045,0.181046,0.099533,0.101520,0.835653,0.339780,0.204660,0.210869,0.874227,0.107139,0.056602,0.058539,0.631058
51,0.584912,0.583740,0.177639,0.107604,0.00025621,0.004536,0.002273,0.002273,0.999367,0.148902,0.080440,0.081174,0.898960,0.452851,0.292700,0.312537,0.821794,0.104269,0.055002,0.059601,0.416172
52,0.585232,0.580846,0.173356,0.100573,0.00025054,0.004537,0.002274,0.002274,0.995779,0.197046,0.109290,0.111958,0.821022,0.363703,0.222272,0.231923,0.842306,0.128139,0.068456,0.071170,0.642186
53,0.582849,0.580490,0.210245,0.126172,0.00024458,0.004524,0.002267,0.002267,0.995779,0.244535,0.139300,0.146103,0.749464,0.435118,0.278051,0.300661,0.787119,0.156802,0.085071,0.091694,0.540801
54,0.580830,0.578691,0.195326,0.114058,0.00023837,0.004544,0.002277,0.002277,0.996623,0.275023,0.159436,0.170832,0.705022,0.351991,0.213585,0.219981,0.880184,0.149746,0.080933,0.086462,0.558605
55,0.579322,0.577290,0.232610,0.143377,0.00023192,0.004527,0.002269,0.002269,0.997467,0.252304,0.144364,0.153731,0.703207,0.494681,0.328622,0.368729,0.751321,0.178926,0.098253,0.112982,0.429773
56,0.581374,0.575500,0.171223,0.099652,0.00022525,0.004545,0.002278,0.002278,0.993879,0.184279,0.101491,0.103407,0.845608,0.373084,0.229320,0.238441,0.857030,0.122984,0.065521,0.068236,0.622156
57,0.579296,0.573646,0.171726,0.101246,0.00021837,0.004554,0.002282,0.002282,0.997256,0.192035,0.106216,0.108640,0.826412,0.396491,0.247264,0.256985,0.867315,0.093827,0.049223,0.052524,0.439169
58,0.576950,0.571892,0.239197,0.144568,0.00021131,0.004545,0.002278,0.002278,0.998523,0.312773,0.185377,0.203791,0.672295,0.428626,0.272772,0.295332,0.781218,0.210843,0.117845,0.130661,0.545747
59,0.575929,0.570308,0.206029,0.123220,0.00020408,0.004550,0.002280,0.002280,0.996412,0.279284,0.162307,0.173925,0.708432,0.413396,0.260554,0.273821,0.843206,0.126886,0.067740,0.071695,0.551187
60,0.577246,0.568175,0.194087,0.114311,0.00019670,0.004544,0.002277,0.002277,0.994512,0.239022,0.135732,0.140336,0.805346,0.390619,0.242714,0.253624,0.849444,0.142164,0.076521,0.080230,0.623393
61,0.571828,0.566454,0.234843,0.143329,0.00018919,0.004544,0.002277,0.002277,0.993879,0.352340,0.213842,0.238197,0.676530,0.433394,0.276646,0.293171,0.830729,0.149096,0.080553,0.086153,0.553412
62,0.571754,0.565189,0.277947,0.173730,0.00018158,0.004529,0.002270,0.002270,0.996201,0.285758,0.166696,0.175135,0.775755,0.505837,0.338542,0.383517,0.742722,0.315664,0.187412,0.250875,0.425569
63,0.571063,0.562874,0.243885,0.150020,0.00017389,0.004538,0.002274,0.002274,0.995146,0.287325,0.167764,0.178031,0.744183,0.483486,0.318814,0.348381,0.789761,0.200192,0.111230,0.124240,0.515084
64,0.568435,0.562117,0.260765,0.160747,0.00016613,0.004537,0.002274,0.002274,0.994935,0.252701,0.144624,0.150291,0.793191,0.478733,0.314694,0.342467,0.795099,0.307091,0.181398,0.233998,0.446588
65,0.568528,0.560376,0.285709,0.179520,0.00015832,0.004534,0.002272,0.002272,0.994935,0.334234,0.200649,0.218491,0.710742,0.512297,0.344355,0.385539,0.763235,0.291770,0.170802,0.212292,0.466370
66,0.564249,0.558741,0.304731,0.193465,0.00015050,0.004534,0.002272,0.002272,0.995146,0.351400,0.213150,0.232195,0.722127,0.520501,0.351809,0.391620,0.775823,0.342488,0.206628,0.264512,0.485658
67,0.561583,0.558921,0.299096,0.189444,0.00014268,0.004537,0.002274,0.002274,0.994512,0.361671,0.220756,0.240414,0.729718,0.519243,0.350660,0.392086,0.768461,0.310935,0.184087,0.228778,0.485163
68,0.568078,0.557130,0.297769,0.190017,0.00013487,0.004544,0.002277,0.002277,0.995779,0.327115,0.195539,0.208925,0.753204,0.549679,0.379005,0.440563,0.730640,0.309738,0.183248,0.215538,0.550198
69,0.564426,0.556519,0.300536,0.190866,0.00012711,0.004545,0.002278,0.002278,0.995990,0.339677,0.204585,0.221338,0.729938,0.529714,0.360279,0.399406,0.786220,0.328210,0.196323,0.250652,0.475272
70,0.556843,0.554489,0.319987,0.205979,0.00011942,0.004543,0.002277,0.002277,0.994935,0.407989,0.256273,0.299339,0.640449,0.538869,0.368803,0.418294,0.757109,0.328549,0.196565,0.237093,0.534866
71,0.559496,0.552599,0.322928,0.207922,0.00011181,0.004537,0.002274,0.002274,0.995779,0.370532,0.227395,0.247479,0.736978,0.540780,0.370596,0.419671,0.760144,0.375863,0.231423,0.325661,0.444362
72,0.559841,0.552503,0.310564,0.201382,0.00010430,0.004534,0.002272,0.002272,0.996201,0.321911,0.191832,0.202342,0.786920,0.584324,0.412752,0.499820,0.703215,0.331488,0.198673,0.291028,0.385015
73,0.559434,0.549364,0.305756,0.195423,0.00009692,0.004544,0.002277,0.002277,0.994512,0.353194,0.214472,0.230112,0.759364,0.543692,0.373336,0.417200,0.780263,0.321593,0.191606,0.245136,0.467359
74,0.556252,0.549209,0.335788,0.221095,0.00008969,0.004534,0.002272,0.002272,0.997045,0.363499,0.222119,0.239604,0.752709,0.602108,0.430726,0.533904,0.690289,0.373011,0.229265,0.372139,0.373887
75,0.556338,0.547768,0.298483,0.190488,0.00008263,0.004544,0.002277,0.002277,0.994512,0.313228,0.185697,0.193737,0.817337,0.549204,0.378553,0.425199,0.775318,0.326956,0.195426,0.242718,0.500742
76,0.560636,0.546931,0.325088,0.211663,0.00007575,0.004538,0.002274,0.002274,0.995568,0.365785,0.223829,0.240823,0.760299,0.579831,0.408283,0.484498,0.721873,0.350197,0.212266,0.270774,0.495549
77,0.556672,0.546329,0.325161,0.210062,0.00006908,0.004540,0.002275,0.002275,0.994512,0.360965,0.220230,0.235657,0.770860,0.549648,0.378976,0.428388,0.766663,0.385489,0.238765,0.313948,0.499258
78,0.551338,0.545420,0.333601,0.218187,0.00006263,0.004544,0.002277,0.002277,0.994512,0.405549,0.254350,0.281487,0.725153,0.578909,0.407369,0.478016,0.733787,0.345400,0.208752,0.256251,0.529674
79,0.554627,0.545402,0.335543,0.219123,0.00005642,0.004541,0.002276,0.002276,0.995357,0.404541,0.253558,0.279782,0.730103,0.571039,0.399618,0.464462,0.741093,0.362052,0.221040,0.286042,0.493076
80,0.555922,0.546698,0.340101,0.223426,0.00005046,0.004533,0.002271,0.002271,0.995779,0.408913,0.257002,0.285276,0.721687,0.585126,0.413554,0.493198,0.719175,0.361831,0.220875,0.336019,0.391939
81,0.552355,0.545556,0.323558,0.209019,0.00004479,0.004538,0.002274,0.002274,0.994512,0.371785,0.228339,0.245857,0.762169,0.553587,0.382731,0.434933,0.761268,0.364320,0.222733,0.303560,0.455490
82,0.553848,0.546070,0.329688,0.215513,0.00003940,0.004534,0.002272,0.002272,0.995568,0.361151,0.220369,0.235940,0.769540,0.586766,0.415194,0.506533,0.697201,0.366300,0.224215,0.317547,0.432740
83,0.549540,0.545369,0.332060,0.216930,0.00003432,0.004537,0.002274,0.002274,0.995568,0.382499,0.236475,0.257320,0.744844,0.580452,0.408900,0.486028,0.720411,0.360752,0.220071,0.312139,0.427300
84,0.547941,0.544336,0.341740,0.224658,0.00002955,0.004534,0.002272,0.002272,0.995568,0.404064,0.253183,0.280387,0.722953,0.585902,0.414329,0.496448,0.714679,0.372458,0.228847,0.349523,0.398615
85,0.548728,0.543487,0.338831,0.221999,0.00002512,0.004538,0.002274,0.002274,0.994935,0.407242,0.255683,0.283618,0.721907,0.577673,0.406146,0.476309,0.733843,0.365871,0.223894,0.316112,0.434224
86,0.545224,0.543795,0.334307,0.218855,0.00002103,0.004537,0.002273,0.002274,0.995357,0.383554,0.237282,0.257614,0.750399,0.584358,0.412786,0.489921,0.723896,0.364781,0.223078,0.325140,0.415430
87,0.548365,0.543613,0.337395,0.221309,0.00001729,0.004537,0.002273,0.002273,0.995357,0.394472,0.245696,0.268772,0.741048,0.585669,0.414096,0.491974,0.723446,0.364903,0.223169,0.325943,0.414441
88,0.550273,0.544138,0.333501,0.218536,0.00001392,0.004535,0.002273,0.002273,0.995357,0.372683,0.229017,0.246666,0.761949,0.589360,0.417797,0.497048,0.723783,0.367424,0.225058,0.332865,0.409990
89,0.544687,0.543432,0.337585,0.221755,0.00001093,0.004536,0.002273,0.002273,0.995146,0.385894,0.239076,0.259895,0.749024,0.591198,0.419645,0.501586,0.719793,0.368711,0.226025,0.338360,0.405045
90,0.554617,0.542328,0.337205,0.221388,0.00000832,0.004537,0.002274,0.002274,0.994512,0.384950,0.238352,0.258804,0.751004,0.589985,0.418425,0.497645,0.724401,0.369346,0.226502,0.325955,0.426063
91,0.555459,0.543135,0.334924,0.219509,0.00000609,0.004538,0.002274,0.002274,0.994724,0.383215,0.237023,0.257070,0.752434,0.587438,0.415867,0.492269,0.728223,0.364506,0.222872,0.314599,0.433234
92,0.545260,0.542721,0.338382,0.222272,0.00000427,0.004537,0.002274,0.002274,0.994724,0.399208,0.249382,0.273670,0.737528,0.588628,0.417061,0.496297,0.723165,0.361156,0.220372,0.317407,0.418892
93,0.553789,0.542219,0.339105,0.222607,0.00000284,0.004537,0.002274,0.002274,0.994512,0.397876,0.248343,0.272411,0.737583,0.585551,0.413978,0.487339,0.733337,0.368455,0.225832,0.328555,0.419387
94,0.554100,0.542594,0.336203,0.220365,0.00000182,0.004536,0.002273,0.002273,0.994724,0.383804,0.237474,0.257795,0.750784,0.585748,0.414176,0.488939,0.730359,0.370723,0.227539,0.329738,0.423343
95,0.544681,0.543375,0.337089,0.221163,0.00000120,0.004536,0.002273,0.002273,0.995357,0.384835,0.238264,0.258975,0.748694,0.587793,0.416223,0.494011,0.725525,0.371190,0.227890,0.341504,0.406528
96,0.552697,0.545655,0.335707,0.221762,0.00030000,0.004527,0.002269,0.002269,0.996412,0.369775,0.226825,0.245059,0.752984,0.612330,0.441265,0.608491,0.616219,0.356195,0.216689,0.404015,0.318497
97,0.542590,0.540594,0.344258,0.228469,0.00029995,0.004527,0.002268,0.002268,0.996412,0.366978,0.224723,0.243255,0.746824,0.615729,0.444804,0.568097,0.672080,0.389800,0.242082,0.490984,0.323195
98,0.547582,0.542813,0.319718,0.206108,0.00029980,0.004542,0.002276,0.002276,0.995990,0.442431,0.284052,0.338668,0.637864,0.529018,0.359636,0.402863,0.770203,0.302883,0.178469,0.298061,0.307864
99,0.543953,0.537201,0.300237,0.191641,0.00029954,0.004563,0.002287,0.002287,0.994724,0.372781,0.229091,0.247952,0.750729,0.540351,0.370192,0.445331,0.686917,0.283255,0.164995,0.184427,0.610287
100,0.547386,0.538115,0.302431,0.192737,0.00029918,0.004554,0.002282,0.002282,0.994301,0.352870,0.214233,0.229150,0.766955,0.537976,0.367967,0.413622,0.769248,0.314323,0.186467,0.251711,0.418398
101,0.538057,0.532912,0.341697,0.225930,0.00029872,0.004539,0.002275,0.002275,0.994935,0.429235,0.273265,0.314956,0.673670,0.599459,0.428020,0.549093,0.659998,0.333556,0.200160,0.251572,0.494807
102,0.543446,0.529487,0.279220,0.176489,0.00029816,0.004555,0.002283,0.002283,0.994090,0.234649,0.132919,0.136134,0.849128,0.528924,0.359549,0.398784,0.785152,0.348753,0.211206,0.258038,0.537834
103,0.534074,0.522355,0.318671,0.207672,0.00029750,0.004545,0.002278,0.002278,0.992613,0.368804,0.226094,0.243908,0.755844,0.588383,0.416815,0.509007,0.697089,0.312952,0.185503,0.216117,0.567013
104,0.542054,0.529677,0.362935,0.242289,0.00029673,0.004529,0.002270,0.002270,0.998523,0.448613,0.289169,0.352227,0.617623,0.600999,0.429592,0.646948,0.561144,0.397600,0.248128,0.577485,0.303165
105,0.536675,0.523676,0.350140,0.231589,0.00029587,0.004536,0.002273,0.002273,0.992824,0.428502,0.272671,0.312625,0.680876,0.591172,0.419620,0.549688,0.639429,0.376350,0.231793,0.284538,0.555638
106,0.530445,0.519898,0.332997,0.218768,0.00029491,0.004545,0.002278,0.002278,0.995146,0.344282,0.207935,0.224198,0.741378,0.597246,0.425767,0.615330,0.580196,0.385913,0.239091,0.287851,0.585312
107,0.533759,0.517553,0.321445,0.210576,0.00029384,0.004550,0.002280,0.002280,0.993246,0.305868,0.180546,0.189218,0.797536,0.599476,0.428037,0.535131,0.681409,0.375884,0.231439,0.288609,0.538823
108,0.534153,0.511296,0.338304,0.221821,0.00029268,0.004601,0.002306,0.002306,0.990924,0.380727,0.235122,0.257903,0.726913,0.583514,0.411945,0.481008,0.741542,0.384374,0.237910,0.296875,0.545005
109,0.526292,0.509809,0.370986,0.249112,0.00029142,0.004534,0.002272,0.002272,0.992191,0.439618,0.281738,0.328545,0.664155,0.609438,0.438268,0.548347,0.685849,0.430354,0.274172,0.400597,0.464886
110,0.520757,0.518659,0.348626,0.231399,0.00029007,0.004532,0.002271,0.002271,0.996834,0.424880,0.269744,0.301543,0.718937,0.606085,0.434808,0.621231,0.591660,0.359006,0.218773,0.472918,0.289318
111,0.517060,0.510779,0.337386,0.222477,0.00028862,0.004535,0.002273,0.002273,0.994724,0.380291,0.234789,0.252583,0.769210,0.604473,0.433150,0.615420,0.593908,0.360247,0.219696,0.352857,0.367953
112,0.520989,0.506935,0.356476,0.238072,0.00028708,0.004541,0.002276,0.002276,0.996201,0.445222,0.286357,0.331982,0.675705,0.612454,0.441394,0.589720,0.637012,0.363686,0.222260,0.409021,0.327399
113,0.515058,0.507234,0.340142,0.225951,0.00028544,0.004539,0.002274,0.002274,0.997889,0.380932,0.235279,0.255911,0.744789,0.623483,0.452943,0.663874,0.587726,0.351614,0.213308,0.416160,0.304402
114,0.511204,0.493094,0.355963,0.237438,0.00028371,0.004564,0.002287,0.002287,0.992402,0.431104,0.274782,0.317327,0.672075,0.612333,0.441268,0.583189,0.644543,0.375850,0.231414,0.284552,0.553412
115,0.508709,0.499491,0.333464,0.220700,0.00028188,0.004575,0.002293,0.002293,0.995990,0.332071,0.199092,0.211352,0.774380,0.618956,0.448180,0.587490,0.653984,0.378251,0.233237,0.378908,0.377596
116,0.504165,0.495374,0.365602,0.245733,0.00027997,0.005439,0.002727,0.002728,0.940903,0.465169,0.303075,0.367065,0.634839,0.618317,0.447510,0.583080,0.658087,0.373482,0.229620,0.339890,0.414441
117,0.504825,0.496902,0.336117,0.222727,0.00027797,0.005319,0.002667,0.002667,0.982060,0.370213,0.227154,0.243879,0.768110,0.621481,0.450832,0.594237,0.651343,0.347456,0.210255,0.450216,0.282888
118,0.505239,0.487824,0.351287,0.233426,0.00027588,0.004627,0.002319,0.002319,0.993668,0.432952,0.276285,0.315290,0.690721,0.604940,0.433630,0.524598,0.714342,0.362629,0.221470,0.306056,0.444857
119,0.497961,0.484276,0.372904,0.251788,0.00027371,0.006112,0.003066,0.003067,0.899747,0.479003,0.314927,0.390433,0.619548,0.621210,0.450547,0.664553,0.583174,0.385289,0.238612,0.364964,0.408012
120,0.492592,0.494429,0.347236,0.230186,0.00027145,0.006106,0.003063,0.003063,0.915576,0.422397,0.267746,0.298915,0.719707,0.605385,0.434088,0.669070,0.552771,0.355055,0.215846,0.419333,0.307864
121,0.497006,0.479618,0.375959,0.253634,0.00026911,0.006159,0.003089,0.003090,0.930350,0.498440,0.331948,0.423111,0.606402,0.606155,0.434879,0.587037,0.626560,0.393081,0.244618,0.344302,0.457962
122,0.500128,0.480192,0.361001,0.240428,0.00026668,0.025929,0.013135,0.013175,0.812579,0.443045,0.284559,0.328711,0.679336,0.616466,0.445574,0.581907,0.655389,0.358564,0.218445,0.351905,0.365480
123,0.498377,0.474169,0.380930,0.257480,0.00026418,0.024705,0.012507,0.012554,0.771211,0.496838,0.330528,0.420489,0.607062,0.624724,0.454253,0.667199,0.587333,0.377453,0.232630,0.350424,0.409001
124,0.491790,0.474396,0.365941,0.245297,0.00026160,0.006245,0.003132,0.003133,0.917265,0.426492,0.271045,0.313435,0.667125,0.616293,0.445393,0.608265,0.624536,0.414736,0.261619,0.399222,0.431503
125,0.488994,0.473916,0.384615,0.261212,0.00025894,0.006130,0.003074,0.003075,0.915576,0.488144,0.322878,0.402797,0.619383,0.621765,0.451131,0.595838,0.650051,0.422423,0.267767,0.392365,0.457468
126,0.494776,0.474029,0.376254,0.254243,0.00025621,0.006217,0.003118,0.003119,0.912621,0.465432,0.303298,0.357242,0.667620,0.622884,0.452311,0.587497,0.662808,0.410484,0.258245,0.389605,0.433729
127,0.492675,0.475136,0.390018,0.266124,0.00025341,0.015414,0.007767,0.007781,0.812790,0.518782,0.350240,0.487956,0.553765,0.629473,0.459293,0.607217,0.653423,0.396402,0.247195,0.469077,0.343225
128,0.493289,0.467738,0.389485,0.265083,0.00025054,0.007001,0.003513,0.003514,0.886028,0.512119,0.344193,0.453206,0.588636,0.613689,0.442678,0.625416,0.602394,0.425131,0.269947,0.438601,0.412463
129,0.476428,0.466107,0.372098,0.250299,0.00024759,0.006301,0.003161,0.003161,0.938371,0.473019,0.309774,0.369796,0.656180,0.610543,0.439411,0.560032,0.671069,0.398530,0.248852,0.354083,0.455737
130,0.486437,0.467101,0.388460,0.263691,0.00024458,0.021409,0.010820,0.010844,0.829886,0.522583,0.353714,0.475251,0.580386,0.615740,0.444816,0.693662,0.553557,0.394107,0.245413,0.480441,0.334075
131,0.472239,0.462395,0.391501,0.267460,0.00024151,0.012136,0.006105,0.006111,0.874842,0.524153,0.355154,0.578360,0.479237,0.626242,0.455860,0.601137,0.653535,0.403474,0.252720,0.525605,0.327399
132,0.482570,0.462058,0.366566,0.244954,0.00023837,0.015216,0.007666,0.007673,0.899747,0.406919,0.255429,0.279222,0.749849,0.612825,0.441779,0.687692,0.552658,0.431302,0.274943,0.485900,0.387735
133,0.474478,0.455642,0.395560,0.270012,0.00023518,0.015460,0.007790,0.007799,0.868510,0.524608,0.355572,0.528058,0.521203,0.619369,0.448612,0.632371,0.606890,0.422801,0.268071,0.502383,0.364985
134,0.477651,0.460862,0.386444,0.259894,0.00023192,0.031025,0.015757,0.015819,0.800549,0.493673,0.327733,0.401607,0.640504,0.603717,0.432374,0.633173,0.576880,0.417362,0.263713,0.441290,0.395895
135,0.476715,0.451020,0.401003,0.272698,0.00022861,0.038334,0.019542,0.019685,0.728366,0.525170,0.356088,0.468737,0.597052,0.618610,0.447817,0.618697,0.618523,0.421899,0.267346,0.428571,0.415430
136,0.471095,0.458136,0.392512,0.265488,0.00022525,0.034049,0.017319,0.017464,0.676657,0.526524,0.357334,0.472832,0.593972,0.605411,0.434114,0.700221,0.533213,0.404065,0.253184,0.510574,0.334322
137,0.472873,0.460404,0.389625,0.263216,0.00022184,0.040368,0.020600,0.020864,0.618827,0.531498,0.361932,0.526859,0.536219,0.608082,0.436866,0.652765,0.569124,0.378553,0.233466,0.499797,0.304649
138,0.480413,0.454423,0.388328,0.262259,0.00021837,0.034144,0.017368,0.017492,0.711482,0.506852,0.339452,0.420991,0.636709,0.615997,0.445084,0.664757,0.573901,0.396321,0.247132,0.422883,0.372898
139,0.463430,0.460001,0.380220,0.256402,0.00021486,0.032344,0.016438,0.016521,0.765091,0.503057,0.336056,0.402758,0.669875,0.620779,0.450094,0.633603,0.608464,0.364702,0.223019,0.465107,0.299951
140,0.468814,0.450831,0.394600,0.267890,0.00021131,0.035873,0.018264,0.018485,0.604263,0.541417,0.371193,0.555202,0.528299,0.610614,0.439484,0.692439,0.546083,0.390497,0.242620,0.411041,0.371909
141,0.473504,0.449871,0.390709,0.265336,0.00020771,0.029480,0.014961,0.015059,0.695863,0.517389,0.348972,0.426341,0.657885,0.624601,0.454123,0.659054,0.593571,0.391364,0.243289,0.440830,0.351879
142,0.469581,0.448729,0.401303,0.272805,0.00020408,0.046824,0.023973,0.024350,0.607429,0.533978,0.364236,0.575717,0.497882,0.621066,0.450396,0.657642,0.588344,0.403342,0.252617,0.413230,0.393917
143,0.464590,0.449633,0.389586,0.263990,0.00020040,0.032635,0.016588,0.016716,0.684888,0.514832,0.346649,0.434557,0.631483,0.621915,0.451289,0.675270,0.576374,0.388962,0.241435,0.412826,0.367705
144,0.457830,0.444663,0.396918,0.270424,0.00019670,0.031705,0.016108,0.016258,0.635711,0.538547,0.368501,0.559748,0.518893,0.619341,0.448584,0.635955,0.603574,0.398080,0.248502,0.378030,0.420376
145,0.474511,0.446264,0.393376,0.267149,0.00019296,0.036324,0.018498,0.018662,0.677712,0.532452,0.362817,0.470353,0.613443,0.619386,0.448631,0.654930,0.587501,0.385341,0.238652,0.377131,0.393917
146,0.481687,0.448419,0.395893,0.268824,0.00018919,0.048092,0.024638,0.024965,0.653018,0.539929,0.369796,0.508077,0.576041,0.621359,0.450704,0.670310,0.579072,0.374194,0.230159,0.432275,0.329871
147,0.455469,0.444588,0.391503,0.265737,0.00018540,0.030986,0.015737,0.015842,0.703461,0.532058,0.362452,0.469738,0.613443,0.615178,0.444229,0.671768,0.567382,0.387788,0.240532,0.363028,0.416172
148,0.449610,0.445303,0.402077,0.273736,0.00018158,0.051789,0.026583,0.027016,0.623470,0.548128,0.377532,0.529590,0.568011,0.621971,0.451348,0.592254,0.654827,0.386420,0.239480,0.470380,0.327893
149,0.455442,0.448669,0.402668,0.271916,0.00017774,0.067682,0.035026,0.035900,0.590122,0.548844,0.378211,0.515951,0.586216,0.601667,0.430275,0.680105,0.539452,0.392479,0.244152,0.449298,0.348417
150,0.456708,0.445265,0.407892,0.276889,0.00017389,0.070108,0.036327,0.037213,0.604263,0.550396,0.379687,0.546104,0.554755,0.617109,0.446245,0.575442,0.665280,0.393956,0.245296,0.453608,0.348170
